{"dbdump_before": {"version": "1.0a", "rse": "T2_FI_HIP", "start_time": 1607639233.5490487, "end_time": 1607639257.1543229, "files": 24181, "elapsed": 23.605274200439453, "directories": 10979}}